{
  "en-US": {
    "NotCheckedErrors": "If you want to continue you have to accept terms and conditions of the service.",
    "OrderMissing": "Order missing",
    "OrderMissingText": "The order cannot be displayed. Either it does not exist or you do not have access to it. Please contact the administrator."
  },
  "de-DE": {
    "NotCheckedErrors": "[de] If you want to continue you have to accept terms and conditions of the service.",
    "OrderMissing": "[de] Order missing",
    "OrderMissingText": "[de] The order cannot be displayed. Either it does not exist or you do not have access to it. Please contact the administrator."
  },
  "cs-CZ": {
    "NotCheckedErrors": "Chcete-li pokračovat, musíte přijmout naše obchodní podmínky a souhlasit se zpracováním osobních údajů.",
    "OrderMissing": "Chybějící objednávka",
    "OrderMissingText": "Objednávka se nedá zobrazit. Buď neexistuje, nebo k ní nemáte přístup. Prosím, kontaktujte administrátora."
  },
  "sk-SK": {
    "NotCheckedErrors": "Ak chcete pokračovať, musíte akceptovať naše zmluvné podmienky a súhlasiť so spracovaním osobných údajov.",
    "OrderMissing": "Chýbajúca objednávka",
    "OrderMissingText": "Objednávka sa nedá zobraziť. Buď neexistuje, alebo k nej nemáte prístup. Prosím, kontaktujte administrátora."
  }
}
