{
  "en-US": {
    "Order": "Order",
    "OrderRecapitulation": "Order recapitulation",
    "OrderNumber": "Order Number",
    "From": "From",
    "Selected": "Selected subscription",
    "Yearly": "Yearly",
    "Monthly": "Monthly",
    "CustomPrice": "Custom"
  },
  "de-DE": {
    "Order": "[de] Order",
    "OrderRecapitulation": "[de] Order recapitulation",
    "OrderNumber": "[de] Order Number",
    "From": "[de] From",
    "Selected": "[de] Selected subscription",
    "Yearly": "[de] Ročne",
    "Monthly": "[de] Monthly",
    "CustomPrice": "[de] Custom"
  },
  "cs-CZ": {
    "Order": "Objednávka",
    "OrderRecapitulation": "REKAPITULACE NÁKUPU",
    "OrderNumber": "číslo",
    "From": "ze dne",
    "Selected": "Vybrané předplatné:",
    "Yearly": "Ročně",
    "Monthly": "Měsíčně",
    "CustomPrice": "Na míru"
  },
  "sk-SK": {
    "Order": "Objednávka",
    "OrderRecapitulation": "REKAPITULÁCIA NÁKUPU",
    "OrderNumber": "Číslo",
    "From": "zo dňa",
    "Selected": "Vybrané predplatné:",
    "Yearly": "Ročne",
    "Monthly": "Mesačne",
    "CustomPrice": "Na mieru"
  }
}
