{
  "en-US": {
    "OrderRecapitulation": "Order recapitulation",
    "OrderNumber": "Order Number",
    "From": "From",
    "Selected": "Selected edition",
    "monthlyPayments": "monthly",
    "oneTimePayments": "one time payment",
    "yearlyPayments": "yearly"
  },
  "de-DE": {
    "OrderRecapitulation": "[de] Order recapitulation",
    "OrderNumber": "[de] Order Number",
    "From": "[de] From",
    "Selected": "[de] Selected edition",
    "monthlyPayments": "[de] monthly",
    "oneTimePayments": "[de] one time payment",
    "yearlyPayments": "[de] yearly"
  },
  "cs-CZ": {
    "OrderRecapitulation": "REKAPITULACE NÁKUPU",
    "OrderNumber": "číslo",
    "From": "ze dne",
    "Selected": "Zvolená edice:",
    "monthlyPayments": "měsíčně",
    "oneTimePayments": "jednorázově",
    "yearlyPayments": "ročně"
  },
  "sk-SK": {
    "OrderRecapitulation": "REKAPITULÁCIA NÁKUPU",
    "OrderNumber": "Číslo",
    "From": "zo dňa",
    "Selected": "Zvolená edícia:",
    "monthlyPayments": "mesačne",
    "oneTimePayments": "jednorázovo",
    "yearlyPayments": "ročne"
  }
}
