{
  "en-US": {
    "FirstPart": "Thank you for your order",
    "SecondPart": "from",
    "ThirdPart": "Someone from our team will contact you in the coming days to agree on invoicing and setup of the environment.",
    "GoTo": "Go to Application list",
    "AppOrdered": "Application Ordered"
  },
  "de-DE": {
    "FirstPart": "Thank you for your order",
    "SecondPart": "from",
    "ThirdPart": "Someone from our team will contact you in the coming days to agree on invoicing and setup of the environment.",
    "GoTo": "Go to Application list",
    "AppOrdered": "[de] Application Ordered"
  },
  "cs-CZ": {
    "FirstPart": "Děkujeme vám za objednávku",
    "SecondPart": "ze dne",
    "ThirdPart": "Náš pracovník vás bude v nejbližších dnech kontaktovat a dohodne s vámi způsob fakturace a upřesní nastavení prostředí.",
    "GoTo": "Přejít na Seznam aplikací",
    "AppOrdered": "Objednávka potvrzena"
  },
  "sk-SK": {
    "FirstPart": "Ďakujeme vám za objednávku",
    "SecondPart": "z dňa",
    "ThirdPart": "Náš pracovník vás bude v najbližších dňoch kontaktovať a dohodne s vami spôsob fakturácie a upresní nastavenie prostredia.",
    "GoTo": "Zoznam aplikacií",
    "AppOrdered": "Objednávka potvrdená"
  }
}
