{
  "id": "ASOLEU-PlatformStoreOrder-AP-",
  "applicationCode": "ASOLEU-PlatformStoreOrder-AP-",
  "featureCode": "SideMenuDefinition",
  "href": "https://dev.avaspace.com",
  "menu": [
    {
      "path": "/app/orders/list",
      "code": "orders-list",
      "name": "Orders list",
      "description": "",
      "iconUrl": "",
      "hasSeparator": false,
      "nameLocalization": {
        "values": [
          {
            "locale": "en-US",
            "value": "Orders"
          },
          {
            "locale": "de-DE",
            "value": "Orders"
          },
          {
            "locale": "cs-CZ",
            "value": "Objednávky"
          },
          {
            "locale": "sk-SK",
            "value": "Objednávky"
          }
        ]
      },
      "children": []
    },
    {
      "path": "app/licensing",
      "name": "Licensing",
      "description": "",
      "iconUrl": "https://avaplace.com/api/asol/cnt/api/v1/PublicFiles/Path/ASOLEU-IDM-AP-%2Flicencing.svg",
      "hasSeparator": false,
      "nameLocalization": {
        "values": [
          {
            "locale": "en-US",
            "value": "Licensing"
          },
          {
            "locale": "de-DE",
            "value": "[de] Licensing"
          },
          {
            "locale": "cs-CZ",
            "value": "Licencování"
          },
          {
            "locale": "sk-SK",
            "value": "Licencovanie"
          }
        ]
      },
      "children": [
        {
          "path": "app/licensing/licensing-overview",
          "name": "Licensing overview",
          "description": "",
          "iconUrl": "",
          "hasSeparator": false,
          "nameLocalization": {
            "values": [
              {
                "locale": "en-US",
                "value": "Licensing overview"
              },
              {
                "locale": "de-DE",
                "value": "[de] Licensing overview"
              },
              {
                "locale": "cs-CZ",
                "value": "Přehled licencí"
              },
              {
                "locale": "sk-SK",
                "value": "Prehľad licencií"
              }
            ]
          },
          "children": []
        }
      ]
    }
  ]
}
