{
  "id": "ASOLEU-PlatformStoreOrder-AP-",
  "applicationCode": "ASOLEU-PlatformStoreOrder-AP-",
  "featureCode": "SideMenuAuth",
  "authorizations": [
    {
      "roleCode": "ASOLEU-PlatformStoreOrder-AP-.Admin",
      "rights": [
        {
          "code": "licensing",
          "permissions": ["Read"]
        },
        {
          "code": "licensing-overview",
          "permissions": ["Read"]
        }
      ]
    },
    {
      "roleCode": "ASOLEU-PlatformStoreOrder-AP-.SalesRepCustomOrder",
      "rights": [
        {
          "code": "orders-list",
          "permissions": ["Read"]
        }
      ]
    }
  ]
}
