{
  "en-US": {
    "Filter": "Filter",
    "Customer": "Customer",
    "Application": "Application",
    "Status": "Status",
    "Edition": "Edition",
    "IncludeTesting": "Include testing orders",
    "Responsible": "Responsible",
    "Placeholder": "Placeholder",
    "ClearAll": "Clear all"
  },
  "de-DE": {
    "Filter": "[de] Filter",
    "Customer": "[de] Customer",
    "Application": "[de] Application",
    "Status": "[de] Status",
    "Edition": "[de] Edition",
    "IncludeTesting": "[de] Include testing orders",
    "Responsible": "[de] Responsible",
    "Placeholder": "[de] Placeholder",
    "ClearAll": "[de] Clear all"
  },
  "cs-CZ": {
    "Filter": "Filtrovat",
    "Customer": "Zákazník",
    "Application": "Aplikace",
    "Status": "Status",
    "Edition": "Edice",
    "IncludeTesting": "Zahrnout testovací objednávky",
    "Responsible": "Odpovědný",
    "Placeholder": "Placeholder",
    "ClearAll": "Vyčistit vše"
  },
  "sk-SK": {
    "Filter": "Filtrovať",
    "Customer": "Zákazník",
    "Application": "Aplikácia",
    "Status": "Status",
    "Edition": "Edícia",
    "IncludeTesting": "Zahrnúť testovacie objednávky",
    "Responsible": "Zodpovedný",
    "Placeholder": "Placeholder",
    "ClearAll": "Vyčisťiť všetko"
  }
}
