{
  "ApplicationCode": "ASOLEU-PlatformStore-AP-",
  "FeatureCode": "CUSTOM-RIGHTS",
  "Rights": [
    {
      "Code": "CrossTenantStoreAccess",
      "Name": {
        "Values": [
          {
            "Locale": "en-US",
            "Value": "Cross tenant Store access"
          },
          {
            "Locale": "sk-SK",
            "Value": "Cross tenant Store access"
          },
          {
            "Locale": "cs-CZ",
            "Value": "Cross tenant Store access"
          }
        ]
      },
      "Description": {
        "Values": [
          {
            "Locale": "en-US",
            "Value": "Cross tenant Store access"
          },
          {
            "Locale": "sk-SK",
            "Value": "Cross tenant Store access"
          },
          {
            "Locale": "cs-CZ",
            "Value": "Cross tenant Store access"
          }
        ]
      }
    },
    {
      "Code": "ManageSubscriptionStatus",
      "Name": {
        "Values": [
          {
            "Locale": "en-US",
            "Value": "Manage subscription status"
          },
          {
            "Locale": "sk-SK",
            "Value": "Správa stavu predplatného"
          },
          {
            "Locale": "cs-CZ",
            "Value": "Správa stavu subskripce"
          }
        ]
      },
      "Description": {
        "Values": [
          {
            "Locale": "en-US",
            "Value": "Allows updating the subscription status via API"
          },
          {
            "Locale": "sk-SK",
            "Value": "Umožňuje aktualizáciu stavu predplatného cez API"
          },
          {
            "Locale": "cs-CZ",
            "Value": "Umožňuje aktualizaci stavu subskripce přes API"
          }
        ]
      }
    },
    {
      "Code": "SystemSubscriptionReadAccess",
      "Name": {
        "Values": [
          {
            "Locale": "en-US",
            "Value": "Read system subscriptions"
          },
          {
            "Locale": "sk-SK",
            "Value": "Čítanie systémových predplatných"
          },
          {
            "Locale": "cs-CZ",
            "Value": "Čtení systémových předplatných"
          }
        ]
      },
      "Description": {
        "Values": [
          {
            "Locale": "en-US",
            "Value": "Allows the user to view system subscriptions."
          },
          {
            "Locale": "sk-SK",
            "Value": "Umožňuje užívateľovi prezerať systémové predplatné."
          },
          {
            "Locale": "cs-CZ",
            "Value": "Umožňuje uživateli prohlížet systémová předplatná."
          }
        ]
      }
    },
    {
      "Code": "AllSubscriptionsReadAccess",
      "Name": {
        "Values": [
          {
            "Locale": "en-US",
            "Value": "Read all subscriptions"
          },
          {
            "Locale": "sk-SK",
            "Value": "Čítanie všetkých subskripcií"
          },
          {
            "Locale": "cs-CZ",
            "Value": "Čtení všech subskripcí"
          }
        ]
      },
      "Description": {
        "Values": [
          {
            "Locale": "en-US",
            "Value": "Allows reading all subscriptions via API, including those belonging to other tenants or organizations"
          },
          {
            "Locale": "sk-SK",
            "Value": "Umožňuje čítanie všetkých subskripcií cez API, vrátane tých patriacich iným tenantom alebo organizáciám"
          },
          {
            "Locale": "cs-CZ",
            "Value": "Umožňuje čtení všech subskripcí přes API, včetně těch, které patří jiným tenantům nebo organizacím"
          }
        ]
      }
    }
  ]
}
