{
  "ApplicationCode": "ASOLEU-PlatformStore-AP-",
  "FeatureCode": "ASOLEU-PlatformStore-AP-Backend-Roles",
  "Roles": [
    {

      "Code": "ASOLEU-PlatformStore-AP-.User",
      "ChildrenCodes": [
        "TenantUser"
      ],
      "Name": {
        "Values": [
          {
            "Locale": "en-US",
            "Value": "App User"
          },
          {
            "Locale": "sk-SK",
            "Value": "App User"
          },
          {
            "Locale": "cs-CZ",
            "Value": "App User"
          },
          {
            "Locale": "de-DE",
            "Value": "App User"
          }
        ]
      }
    },
    {
      "Code": "ASOLEU-PlatformStore-AP-.Developer",
      "ParentCodes": [
        "ASOLEU-PlatformStore-AP-.User"
      ],
      "Name": {
        "Values": [
          {
            "Locale": "en-US",
            "Value": "App Developer"
          },
          {
            "Locale": "sk-SK",
            "Value": "App Developer"
          },
          {
            "Locale": "cs-CZ",
            "Value": "App Developer"
          },
          {
            "Locale": "de-DE",
            "Value": "App Developer"
          }
        ]
      }
    },
    {
      "Code": "ASOLEU-PlatformStore-AP-.Owner",
      "ParentCodes": [
        "ASOLEU-PlatformStore-AP-.User"
      ],
      "Name": {
        "Values": [
          {
            "Locale": "en-US",
            "Value": "App Owner"
          },
          {
            "Locale": "sk-SK",
            "Value": "App Owner"
          },
          {
            "Locale": "cs-CZ",
            "Value": "App Owner"
          },
          {
            "Locale": "de-DE",
            "Value": "App Owner"
          }
        ]
      }
    },
    {
      "Code": "ASOLEU-PlatformStore-AP-.Admin",
      "ParentCodes": [
        "ASOLEU-PlatformStore-AP-.User",
        "LicenseAdmin"
      ],
      "Name": {
        "Values": [
          {
            "Locale": "en-US",
            "Value": "App Admin"
          },
          {
            "Locale": "sk-SK",
            "Value": "App Admin"
          },
          {
            "Locale": "cs-CZ",
            "Value": "App Admin"
          },
          {
            "Locale": "de-DE",
            "Value": "App Admin"
          }
        ]
      }
    },
    {
      "Code": "ASOLEU-PlatformStore-AP-.StoreUser",
      "ParentCodes": [
        "ASOLEU-PlatformStore-AP-.User"
      ],
      "Name": {
        "Values": [
          {
            "Locale": "en-US",
            "Value": "Store User"
          },
          {
            "Locale": "sk-SK",
            "Value": "Store User"
          },
          {
            "Locale": "cs-CZ",
            "Value": "Store User"
          },
          {
            "Locale": "de-DE",
            "Value": "Store User"
          }
        ]
      }
    },
    {
      "Code": "ASOLEU-PlatformStore-AP-.StoreBuyer",
      "ParentCodes": [
        "ASOLEU-PlatformStore-AP-.StoreUser"
      ],
      "Name": {
        "Values": [
          {
            "Locale": "en-US",
            "Value": "Store Buyer"
          },
          {
            "Locale": "sk-SK",
            "Value": "Store Buyer"
          },
          {
            "Locale": "cs-CZ",
            "Value": "Store Buyer"
          },
          {
            "Locale": "de-DE",
            "Value": "Store Buyer"
          }
        ]
      }
    },
    {
      "Code": "ASOLEU-PlatformStore-AP-.SalesRep",
      "ParentCodes": [
        "ASOLEU-PlatformStore-AP-.StoreBuyer"
      ],
      "ChildrenCodes": [
        "SalesAdmin"
      ],
      "Name": {
        "Values": [
          {
            "Locale": "en-US",
            "Value": "Sales Rep"
          },
          {
            "Locale": "sk-SK",
            "Value": "Sales Rep"
          },
          {
            "Locale": "cs-CZ",
            "Value": "Sales Rep"
          },
          {
            "Locale": "de-DE",
            "Value": "Sales Rep"
          }
        ]
      }
    },
    {
      "Code": "ASOLEU-PlatformStore-AP-.SalesRepAdmin",
      "ParentCodes": [
        "ASOLEU-PlatformStore-AP-.SalesRep"
      ],
      "ChildrenCodes": [
        "SalesOwner"
      ],
      "Name": {
        "Values": [
          {
            "Locale": "en-US",
            "Value": "Sales Rep Admin"
          },
          {
            "Locale": "sk-SK",
            "Value": "Sales Rep Admin"
          },
          {
            "Locale": "cs-CZ",
            "Value": "Sales Rep Admin"
          },
          {
            "Locale": "de-DE",
            "Value": "Sales Rep Admin"
          }
        ]
      }
    },
    {
      "code": "ASOLEU-PlatformStore-AP-.SalesUser",
      "ChildrenCodes": [
        "ASOLEU-PartnersPortal-AP-.SalesUser"
      ],
      "name": {
        "values": [
          {
            "locale": "en-US",
            "value": "Sales user"
          },
          {
            "locale": "cs-CZ",
            "value": "Sales user"
          },
          {
            "locale": "sk-SK",
            "value": "Sales user"
          },
          {
            "locale": "de-DE",
            "value": "Sales user"
          }
        ]
      }
    },
    {
      "code": "ASOLEU-PlatformStore-AP-.SolutionOwner",
      "ParentCodes": [
        "ASOLEU-PlatformStore-AP-.SalesUser"
      ],
      "ChildrenCodes": [
        "SolutionOwner"
      ],
      "name": {
        "values": [
          {
            "locale": "en-US",
            "value": "Solution Owner"
          },
          {
            "locale": "cs-CZ",
            "value": "Solution Owner"
          },
          {
            "locale": "sk-SK",
            "value": "Solution Owner"
          },
          {
            "locale": "de-DE",
            "value": "Solution Owner"
          }
        ]
      }
    },
    {
      "code": "ASOLEU-PlatformStore-AP-.ProductEditor",
      "ParentCodes": [
        "ASOLEU-PlatformStore-AP-.User"
      ],
      "ChildrenCodes": [
        "ASOLEU-Product-AP-.ProductEditor",
        "ASOLEU-Product-AP-DevOps.DevelopmentManager"
      ],
      "name": {
        "values": [
          {
            "locale": "en-US",
            "value": "Product Editor"
          },
          {
            "locale": "cs-CZ",
            "value": "Product Editor"
          },
          {
            "locale": "sk-SK",
            "value": "Product Editor"
          },
          {
            "locale": "de-DE",
            "value": "Product Editor"
          }
        ]
      }
    },
    {
      "code": "ASOLEU-PlatformStore-AP-.ProductAdmin",
      "parentCodes": [ "ASOLEU-PlatformStore-AP-.ProductEditor" ],
      "childrenCodes": [ "ASOLEU-Product-AP-.ProductAdmin" ],
      "name": {
        "Values": [
          {
            "Locale": "en-US",
            "Value": "Product Admin"
          },
          {
            "Locale": "sk-SK",
            "Value": "Product Admin"
          },
          {
            "Locale": "cs-CZ",
            "Value": "Product Admin"
          },
          {
            "Locale": "de-DE",
            "Value": "Product Admin"
          }
        ]
      }
    },
    {
      "code": "ASOLEU-PlatformStore-AP-.ProductOwner",
      "parentCodes": [ "ASOLEU-PlatformStore-AP-.ProductAdmin" ],
      "childrenCodes": [ "ASOLEU-Product-AP-.ProductOwner" ],
      "name": {
        "Values": [
          {
            "Locale": "en-US",
            "Value": "Product Owner"
          },
          {
            "Locale": "sk-SK",
            "Value": "Product Owner"
          },
          {
            "Locale": "cs-CZ",
            "Value": "Product Owner"
          },
          {
            "Locale": "de-DE",
            "Value": "Product Owner"
          }
        ]
      }
    },
    {
      "Code": "ASOLEU-PlatformStore-AP-.ApplicationSolutionPartnerEditor",
      "ParentCodes": [ "ASOLEU-PlatformStore-AP-.User" ],
      "ChildrenCodes": [ "ASOLEU-Portal-AP-.ApplicationSolutionPartnerEditor" ],
      "Name": {
        "Values": [
          {
            "Locale": "en-US",
            "Value": "Application solution partner editor"
          },
          {
            "Locale": "cs-CZ",
            "Value": "Application solution partner editor"
          },
          {
            "Locale": "sk-SK",
            "Value": "Application solution partner editor"
          },
          {
            "Locale": "de-DE",
            "Value": "Application solution partner editor"
          }
        ]
      }
    },
    {
      "Code": "ASOLEU-PlatformStore-AP-.BillingOwner",
      "ChildrenCodes": [ "ASOLEU-InvoiceApp-AP-.BillingOwner" ],
      "Name": {
        "Values": [
          {
            "Locale": "en-US",
            "Value": "Billing Owner"
          },
          {
            "Locale": "sk-SK",
            "Value": "Billing Owner"
          },
          {
            "Locale": "cs-CZ",
            "Value": "Billing Owner"
          },
          {
            "Locale": "de-DE",
            "Value": "Billing Owner"
          }
        ]
      }
    }
  ]
}
