{
  "applicationCode": "ASOLEU-PlatformStore-AP-",
  "featureCode": "API-REST",
  "defaultPermissions": [
    "Execute"
  ],
  "authorizations": [
    {
      "roleCode": "ASOLEU-PlatformStore-AP-.SalesRepAdmin",
      "rights": [
        {
          "code": "CrossTenantStoreAccess",
          "permissions": [
            "Read"
          ]
        }
      ]
    },
    {
      "roleCode": "ASOLEU-PlatformStore-AP-.User",
      "rights": [
        {
          "code": "CrossTenantStoreAccess",
          "permissions": [
            "Read"
          ]
        },
        {
          "code": "RestAPI-MessageController"
        },
        {
          "code": "RestAPI-MessageController-ContactUs"
        },
        {
          "code": "RestAPI-StoreController"
        },
        {
          "code": "RestAPI-StoreController-GetAllPurchasedStoreItemsSearch"
        },
        {
          "code": "RestAPI-StoreController-GetAllPurchasedDataAsync"
        },
        {
          "code": "RestAPI-StoreController-GetSubscriptions"
        },
        {
          "code": "RestAPI-StoreController-GetOrderLicenceInformation"
        },
        {
          "code": "RestAPI-StoreController-GetProductCatalogCodebooks"
        },
        {
          "code": "RestAPI-StoreController-InvalidateCache"
        },
        {
          "code": "RestAPI-StoreController-GetHelpdeskDataQueryHandler"
        },
        {
          "code": "RestAPI-LeftPanelController"
        },
        {
          "code": "RestAPI-LeftPanelController-GetPanel"
        },
        {
          "code": "RestAPI-LeftPanelController-GetAllApplicationsPart"
        },
        {
          "code": "RestAPI-LeftPanelController-GetQuickAccessPart"
        },
        {
          "code": "RestAPI-LeftPanelController-UpdatePanel"
        },
        {
          "code": "RestAPI-SubscriptionController"
        },
        {
          "code": "RestAPI-SubscriptionController-GetCustomerSubscriptionSummaries"
        },
        {
          "code": "RestAPI-SubscriptionController-GetCustomerSubscriptionSummaryDefinition"
        },
        {
          "code": "RestAPI-SubscriptionController-GetCustomerSubscriptionDetail"
        },
        {
          "code": "RestAPI-SubscriptionController-GetStoreCards"
        }
      ]
    },
    {
      "roleCode": "ASOLEU-PlatformStore-AP-.Admin",
      "rights": [
        {
          "code": "RestAPI-StoreController"
        },
        {
          "code": "RestAPI-StoreController-SyncAllPurchasedDataAsync"
        },
        {
          "code": "RestAPI-StoreController-NotifySubscriptionPeriodEnds"
        },
        {
          "code": "RestAPI-SubscriptionController"
        },
        {
          "code": "RestAPI-SubscriptionController-GetSubscriptionSummaries"
        },
        {
          "code": "RestAPI-SubscriptionController-GetSubscriptionSummaryDefinition"
        },
        {
          "code": "RestAPI-SubscriptionController-GetSubscriptionDetail"
        }
      ]
    },
    {
      "roleCode": "ASOLEU-PlatformStore-AP-.SalesUser",
      "rights": [
        {
          "code": "RestAPI-SubscriptionController"
        },
        {
          "code": "RestAPI-SubscriptionController-UpdateSubscriptionSolutionStatus"
        },
        {
          "code": "RestAPI-SubscriptionController-GetSubscriptionSummaries"
        },
        {
          "code": "RestAPI-SubscriptionController-GetSubscriptionSummaryDefinition"
        },
        {
          "code": "RestAPI-SubscriptionController-GetSubscriptionDetail"
        }
      ]
    },
    {
      "roleCode": "ASOLEU-PlatformStore-AP-.SolutionOwner",
      "rights": [
        {
          "code": "ManageSubscriptionStatus"
        }
      ]
    },
    {
      "roleCode": "SolutionOwner",
      "rights": [
        {
          "code": "AllSubscriptionsReadAccess",
          "permissions": [
            "Read"
          ]
        },
        {
          "code": "RestAPI-ProcessController"
        },
        {
          "code": "RestAPI-ProcessController-ImportSubscription"
        }
      ]
    },
    {
      "roleCode": "TenantUser",
      "rights": [
        {
          "code": "RestAPI-LicensesController"
        },
        {
          "code": "RestAPI-LicensesController-GetById"
        },
        {
          "code": "RestAPI-LicensesController-GetList"
        },
        {
          "code": "RestAPI-SubscriptionLicensesController"
        },
        {
          "code": "RestAPI-SubscriptionLicensesController-GetList"
        },
        {
          "code": "RestAPI-SubscriptionController"
        },
        {
          "code": "RestAPI-SubscriptionController-CreateOrUpdateSubscriptionFromOrder"
        }
      ]
    },
    {
      "roleCode": "LicenseOwner",
      "rights": [
        {
          "code": "RestAPI-LicensesController"
        },
        {
          "code": "RestAPI-LicensesController-Update"
        },
        {
          "code": "RestAPI-SubscriptionLicensesController"
        },
        {
          "code": "RestAPI-SubscriptionLicensesController-Create"
        },
        {
          "code": "RestAPI-SubscriptionLicensesController-Update"
        },
        {
          "code": "RestAPI-SubscriptionLicensesController-Delete"
        }
      ]
    },
    {
      "roleCode": "SalesAdmin",
      "rights": [
        {
          "code": "RestAPI-LicensesController"
        },
        {
          "code": "RestAPI-LicensesController-Update"
        },
        {
          "code": "RestAPI-SubscriptionLicensesController"
        },
        {
          "code": "RestAPI-SubscriptionLicensesController-Update"
        }
      ]
    },
    {
      "roleCode": "SalesOwner",
      "rights": [
        {
          "code": "RestAPI-SubscriptionLicensesController"
        },
        {
          "code": "RestAPI-SubscriptionLicensesController-Create"
        },
        {
          "code": "RestAPI-SubscriptionLicensesController-Delete"
        }
      ]
    },
    {
      "roleCode": "OrderBot",
      "rights": [
        {
          "code": "SystemSubscriptionReadAccess",
          "permissions": [
            "Read"
          ]
        }
      ]
    },
    {
      "roleCode": "ASOLEU-PlatformStore-AP-.ApplicationSolutionPartnerEditor",
      "rights": [
        {
          "code": "RestAPI-SubscriptionController"
        },
        {
          "code": "RestAPI-SubscriptionController-UpdateSubscriptionSolutionStatus"
        }
      ]
    },
    {
      "roleCode": "ASOLEU-PlatformStore-AP-.BillingOwner",
      "rights": [
        {
          "code": "RestAPI-SubscriptionBillingItemsController"
        },
        {
          "code": "RestAPI-SubscriptionBillingItemsController-GetList"
        },
        {
          "code": "RestAPI-SubscriptionController"
        },
        {
          "code": "RestAPI-SubscriptionController-UpdateSubscriptionDiscount"
        }
      ]
    }
  ]
}