﻿{
  "code": "Application",
  "subject": {
    "values": [
      {
        "locale": "cs-CZ",
        "value": "Nový dotaz na aplikaci ${appName}"
      },
      {
        "locale": "en-US",
        "value": "New question about ${appName} application"
      },
      {
        "locale": "sk-SK",
        "value": "Nový dopyt na aplikáciu ${appName}"
      }
    ]
  },
  "body": {
    "values": [
      {
        "locale": "cs-CZ",
        "value": "Hezký den,\\r\\n${name} ze společnost ${companyName} zaslal dotaz k aplikaci ${appName}:\\r\\n${deepLinkUrl}\\r\\nPředmět: ${subject}\\r\\nZpráva: ${message}\\r\\nChatId: ${chatId}\\r\\nKontakt na odesílatele zprávy:\\r\\nTelefon: ${phone},\\r\\nEmail: ${email}\\r\\nVáš AVA tým"
      },
      {
        "locale": "en-US",
        "value": "Dear AVA team,\\r\\n${name} from ${companyName} has send a new question about ${appName} application:\\r\\n${deepLinkUrl}\\r\\nSubject: ${subject}\\r\\nMessage: ${message}\\r\\nChatId: ${chatId}\\r\\nUser’s contact information:\\r\\nPhone: ${phone},\\r\\nEmail: ${email}\\r\\nYour AVA team"
      },
      {
        "locale": "sk-SK",
        "value": "Prajem pekný deň,\\r\\n${name} zo spoločnosti ${companyName} poslal otázku na aplikáciu ${appName}:\\r\\n${deepLinkUrl}\\r\\nPredmet: ${subject}\\r\\nSpráva: ${message}\\r\\nChatId: ${chatId}\\r\\nKontakt na odosielateľa správy::\\r\\nTelefón: ${phone},\\r\\nEmail: ${email}\\r\\nVáš AVA tím"
      }
    ]
  }
}