{
  "en-US": {
    "MandatoryExtensions": "Mandatory extensions",
    "OptionalExtensions": "Optional extensions",
    "Configure": "Configure",
    "SaveConfiguration": "Save configuration",
    "NoMandatory": "No mandatory extensions are available",
    "NoOptional": "No optional extensions are available"
  },
  "de-DE": {
    "MandatoryExtensions": "[de] Mandatory extensions",
    "OptionalExtensions": "[de] Optional extensions",
    "Configure": "[de] Configure",
    "SaveConfiguration": "[de] Save configuration",
    "NoMandatory": "[de] No mandatory extensions are available",
    "NoOptional": "[de] No optional extensions are available"
  },
  "cs-CZ": {
    "MandatoryExtensions": "Povinná rozšíření",
    "OptionalExtensions": "Volitelná rozšíření",
    "Configure": "Konfigurovat",
    "SaveConfiguration": "Uložit konfiguraci",
    "NoMandatory": "Nejsou k dispozici žádná povinná rozšíření.",
    "NoOptional": "Nejsou k dispozici žádná volitelná rozšíření."
  },
  "sk-SK": {
    "MandatoryExtensions": "Povinné rozšírenia",
    "OptionalExtensions": "Voliteľné rozšírenia",
    "Configure": "Konfigurovať",
    "SaveConfiguration": "Uložiť konfiguráciu",
    "NoMandatory": "Nie sú k dispozícii žiadne povinné rozšírenia.",
    "NoOptional": "Nie sú k dispozícii žiadne voliteľné rozšírenia."
  }
}
