﻿{
  "code": "General",
  "subject": {
    "values": [
      {
        "locale": "cs-CZ",
        "value": "Nový dotaz přes kontaktní formulář"
      },
      {
        "locale": "en-US",
        "value": "New question via contact form"
      },
      {
        "locale": "sk-SK",
        "value": "Nový dotaz cez kontaktný formulár"
      }
    ]
  },
  "body": {
    "values": [
      {
        "locale": "cs-CZ",
        "value": "Hezký den,\\r\\n${name} ze společnost ${companyName} zaslal nový dotaz přes kontaktní formulář:\\r\\nPředmět: ${subject}\\r\\nZpráva: ${message}\\r\\nChatId: ${chatId}\\r\\nKontakt na odesílatele zprávy:\\r\\nTelefon: ${phone},\\r\\nEmail: ${email}\\r\\nVáš AVA tým"
      },
      {
        "locale": "en-US",
        "value": "Dear AVA team,\\r\\n${name} from ${companyName} has send a new question via contact form:\\r\\nSubject: ${subject}\\r\\nMessage: ${message}\\r\\nChatId: ${chatId}\\r\\nUser’s contact information:\\r\\nPhone: ${phone},\\r\\nEmail: ${email}\\r\\nYour AVA team"
      },
      {
        "locale": "sk-SK",
        "value": "Prajem pekný deň,\\r\\n${name} zo spoločnosti ${companyName} poslal otázku cez kontaktný formulár:\\r\\nPredmet: ${subject}\\r\\nSpráva: ${message}\\r\\nChatId: ${chatId}\\r\\nKontakt na odosielateľa správy::\\r\\nTelefón: ${phone},\\r\\nEmail: ${email}\\r\\nVáš AVA tím"
      }
    ]
  }
}