﻿{
  "code": "GeneralAndApplicationConfirmation",
  "subject": {
    "values": [
      {
        "locale": "cs-CZ",
        "value": "Vaši zprávu jsme obdrželi v pořádku"
      },
      {
        "locale": "en-US",
        "value": "Your message has been received"
      },
      {
        "locale": "sk-SK",
        "value": "Vašu správu sme v poriadku prijali"
      }
    ]
  },
  "body": {
    "values": [
      {
        "locale": "cs-CZ",
        "value": "Hezký den,\\r\\n\\r\\nděkujeme za Vaši zprávu.\\r\\n\\r\\nV brzké době Vás bude kontaktovat náš specialista, který se Vám bude plně věnovat.\\r\\n\\r\\nVáš AVA tým"
      },
      {
        "locale": "en-US",
        "value": "Dear ${customerName},\\r\\n\\r\\nthank you for your inquiry.\\r\\n\\r\\nOne of our specialists will contact you soon.\\r\\n\\r\\nYour AVA team"
      },
      {
        "locale": "sk-SK",
        "value": "Pekný deň,\\r\\n\\r\\nďakujeme za Vašu správu.\\r\\n\\r\\nV blízkej dobe Vás bude kontaktovať náš špecialista, ktorý sa Vám bude plne venovať.\\r\\n\\r\\nVáš AVA tím"
      }
    ]
  }
}
