﻿{
  "code": "Partner",
  "subject": {
    "values": [
      {
        "locale": "cs-CZ",
        "value": "Nová žádost o partnerství"
      },
      {
        "locale": "en-US",
        "value": "New partnership request"
      },
      {
        "locale": "sk-SK",
        "value": "Nová žiadosť o partnerstvo"
      }
    ]
  },
  "body": {
    "values": [
      {
        "locale": "cs-CZ",
        "value": "Hezký den,\\r\\n${name} ze společnost ${companyName} zasílá žádost o zapojení do partnerského programu:\\r\\nPředmět: ${subject}\\r\\nZpráva: ${message}\\r\\nChatId: ${chatId}\\r\\nKontakt na odesílatele zprávy:\\r\\nTelefon: ${phone},\\r\\nEmail: ${email}\\r\\nVáš AVA tým"
      },
      {
        "locale": "en-US",
        "value": "Dear AVA team,\\r\\n${name} from ${companyName} has send a request for partnership:\\r\\nSubject: ${subject}\\r\\nMessage: ${message}\\r\\nChatId: ${chatId}\\r\\nUser’s contact information:\\r\\nPhone: ${phone},\\r\\nEmail: ${email}\\r\\nYour AVA team"
      },
      {
        "locale": "sk-SK",
        "value": "Prajem pekný deň,\\r\\n${name} zo spoločnosti ${companyName} poslal novú žiadosť o partnerstve:\\r\\nPredmet: ${subject}\\r\\nSpráva: ${message}\\r\\nChatId: ${chatId}\\r\\nKontakt na odosielateľa správy::\\r\\nTelefón: ${phone},\\r\\nEmail: ${email}\\r\\nVáš AVA tím"
      }
    ]
  }
}