﻿{
  "code": "PartnerConfirmation",
  "subject": {
    "values": [
      {
        "locale": "cs-CZ",
        "value": "Vaše žádost o zapojení do partnerského programu"
      },
      {
        "locale": "en-US",
        "value": "Partner Program request has been received "
      },
      {
        "locale": "sk-SK",
        "value": "Vaša žiadosť o zapojenie do partnerského programu"
      }
    ]
  },
  "body": {
    "values": [
      {
        "locale": "cs-CZ",
        "value": "Hezký den,\\r\\n\\r\\nDěkujeme za váš zájem o zapojení do partnerského programu AVAplace.\\r\\n\\r\\nV brzké době Vás budeme kontaktovat ohledně dalšího postupu.\\r\\n\\r\\nTěšíme se na spolupráci!\\r\\n\\r\\nTým partnerské sítě AVAplace"
      },
      {
        "locale": "en-US",
        "value": "Dear ${customerName},\\r\\n\\r\\nThank you for your interest in joining the AVAplace Partner Program.\\r\\n\\r\\nWe will contact you shortly with information about next steps.\\r\\n\\r\\nWe are looking forward to working with you!\\r\\n\\r\\nAVAplace partner network team"
      },
      {
        "locale": "sk-SK",
        "value": "Prajeme pekný deň,\\r\\n\\r\\nĎakujeme za váš záujem o vstup do partnerského programu AVAplace.\\r\\n\\r\\nV krátkom čase Vás budeme kontaktovať pre ďalšie kroky.\\r\\n\\r\\nTešíme sa na spoluprácu s Vami!\\r\\n\\r\\nTím partnerskej siete AVAplace"
      }
    ]
  }
}