﻿{
  "code": "Support",
  "subject": {
    "values": [
      {
        "locale": "cs-CZ",
        "value": "Nový požadavek přes Helpdesk"
      },
      {
        "locale": "en-US",
        "value": "New issue via Helpdesk form"
      },
      {
        "locale": "sk-SK",
        "value": "Nový dotaz cez Helpdesk"
      }
    ]
  },
  "body": {
    "values": [
      {
        "locale": "cs-CZ",
        "value": "Hezký den,\\r\\n${name} ze společnost ${companyName} zaslal nový dotaz přes helpdeskový formulář:\\r\\nAplikace: ${subject}\\r\\nZpráva: ${message}\\r\\nChatId: ${chatId}\\r\\nKontakt na odesílatele zprávy:\\r\\nTelefon: ${phone},\\r\\nEmail: ${email}\\r\\nVáš AVA tým"
      },
      {
        "locale": "en-US",
        "value": "Dear AVA team,\\r\\n${name} from ${companyName} has sent a new question via helpdesk form:\\r\\nApplication: ${subject}\\r\\nMessage: ${message}\\r\\nChatId: ${chatId}\\r\\nUser’s contact information:\\r\\nPhone: ${phone},\\r\\nEmail: ${email}\\r\\nYour AVA team"
      },
      {
        "locale": "sk-SK",
        "value": "Prajem pekný deň,\\r\\n${name} zo spoločnosti ${companyName} poslal otázku cez Helpdesk formulár:\\r\\nPredmet: ${subject}\\r\\nSpráva: ${message}\\r\\nChatId: ${chatId}\\r\\nKontakt na odosielateľa správy::\\r\\nTelefón: ${phone},\\r\\nEmail: ${email}\\r\\nVáš AVA tím"
      }
    ]
  }
}