{
  "en-US": {
    "PriceConfiguration": "Price/payment configuration",
    "FrequencyTitle": "Frequency of payments and invoicing",
    "EditionName": "The name of the selected edition",
    "FrequencyLabel": "Frequency and type of billing",
    "FirstInvoiceDate": "Date of the first invoice",
    "ChooseAmount": "Choose an amount",
    "PriceUnit": "Price/unit",
    "TotalPrice": "Total price",
    "FinalEditionPrice": "The final price of the edition",
    "Total": "Total",
    "Days30": "Monthly",
    "Days365": "Yearly",
    "OneTime": "One time"
  },
  "de-DE": {
    "PriceConfiguration": "[de] Price/payment configuration",
    "FrequencyTitle": "[de] Frequency of payments and invoicing",
    "EditionName": "[de] The name of the selected edition",
    "FrequencyLabel": "[de] Frequency and type of billing",
    "FirstInvoiceDate": "[de] Date of the first invoice",
    "ChooseAmount": "[de] Choose an amount",
    "PriceUnit": "[de] Price/unit",
    "TotalPrice": "[de] Total price",
    "FinalEditionPrice": "[de] The final price of the edition",
    "Total": "[de] Total",
    "Days30": "[de] Monthly",
    "Days365": "[de] Yearly",
    "OneTime": "[de] One time"
  },
  "cs-CZ": {
    "PriceConfiguration": "Konfigurace ceny/platby",
    "FrequencyTitle": "Frekvence plateb a fakturace",
    "EditionName": "Název zvolené edice",
    "FrequencyLabel": "Frekvence a typ fakturace",
    "FirstInvoiceDate": "Datum první fakturace",
    "ChooseAmount": "Zadejte počet",
    "PriceUnit": "Cena/jednotku",
    "TotalPrice": "Celková cena",
    "FinalEditionPrice": "Finální cena edice",
    "Total": "Celkem",
    "Days30": "Měsíčně",
    "Days365": "Ročne",
    "OneTime": "Jednorázově"
  },
  "sk-SK": {
    "PriceConfiguration": "Konfigurácia ceny/platby",
    "FrequencyTitle": "Frekvencia platieb a fakturácia",
    "EditionName": "Názov zvolenej edície",
    "FrequencyLabel": "Frekvencia a typ fakturácie",
    "FirstInvoiceDate": "Dátum prvej fakturácie",
    "ChooseAmount": "Zadajte počet",
    "PriceUnit": "Cena/jednotku",
    "TotalPrice": "Celková cena",
    "FinalEditionPrice": "Finálna cena edície",
    "Total": "Celkom",
    "Days30": "Mesačne",
    "Days365": "Ročne",
    "OneTime": "Jednorázovo"
  }
}
