{
  "en-US": {
    "Order": "Order",
    "ConfirmOrder": "Order",
    "NotCheckedErrors": "If you want to continue you have to accept terms and conditions of the service.",
    "Reject": "Reject",
    "RejectOrder": "Reject order?",
    "RejectConfirmation": "Are you sure you want reject order?",
    "OrderSentToManager": "The order has been sent to the manager for approval.",
    "OrderSentToCustomer": "The order has been sent to the customer.",
    "OrderRejected": "The order has been rejected.",
    "OrderCancelled": "The order has been cancelled.",
    "CorruptedData": "We cannot display this order. Please try to download its PDF or contact support."
  },
  "de-DE": {
    "Order": "[de] Order",
    "ConfirmOrder": "Order",
    "NotCheckedErrors": "If you want to continue you have to accept terms and conditions of the service.",
    "Reject": "[de] Reject",
    "RejectOrder": "Reject order?",
    "RejectConfirmation": "Are you sure you want reject order?",
    "OrderSentToManager": "The order has been sent to the manager for approval.",
    "OrderSentToCustomer": "The order has been sent to the customer.",
    "OrderRejected": "The order has been rejected.",
    "OrderCancelled": "The order has been cancelled.",
    "CorruptedData": "[de] We cannot display this order. Please try to download its PDF or contact support."
  },
  "cs-CZ": {
    "Order": "Objednávka",
    "ConfirmOrder": "Objednat",
    "NotCheckedErrors": "Chcete-li pokračovat, musíte přijmout naše obchodní podmínky a souhlasit se zpracováním osobních údajů.",
    "Reject": "Odmítnout",
    "RejectOrder": "Odmítnout objednávku?",
    "RejectConfirmation": "Opravdu chcete objednávku odmítnout?",
    "OrderSentToManager": "Objednávka byla zaslána manažerovi ke schválení.",
    "OrderSentToCustomer": "Objednávka byla odeslána zákazníkovi.",
    "OrderRejected": "Objednávka byla zamítnuta.",
    "OrderCancelled": "Objednávka byla zrušená.",
    "CorruptedData": "Tuto objednávku nemůžeme zobrazit. Zkuste si stáhnout její PDF nebo kontaktujte podporu AVA."
  },
  "sk-SK": {
    "Order": "Objednávka",
    "ConfirmOrder": "Objednať",
    "NotCheckedErrors": "Ak chcete pokračovať, musíte akceptovať naše zmluvné podmienky a súhlasiť so spracovaním osobných údajov.",
    "Reject": "Odmietnuť",
    "RejectOrder": "Odmietnuť objednávku?",
    "RejectConfirmation": "Naozaj chcete objednávku odmietnuť?",
    "OrderSentToManager": "Objednávka bola zaslaná manažérovi na schválenie.",
    "OrderSentToCustomer": "Objednávka bola odoslaná zákazníkovi.",
    "OrderRejected": "Objednávka bola odmietnutá.",
    "OrderCancelled": "Objednávka bola zrušená.",
    "CorruptedData": "Túto objednávku nemôžeme zobraziť. Skúste si stiahnuť jej PDF alebo kontaktujte podporu AVA."
  }
}
