{
  "en-US": {
    "MainHeader": "Orders overview",
    "Responsible": "Responible Sales Rep",
    "LastUpdate": "Last update",
    "EditInformation": "Edit information",
    "ErrorOccurred": "An error occurred, check your permissions",
    "DeleteOrder": "Delete order",
    "DeleteOrderDialogText": "Are you sure you want to delete the order? After confirmation, you will lose access to it.",
    "OrderDeleted": "Order has been deleted",
    "MarkAsTesting": "Mark as a test",
    "MarkAsTestingDialogText": "Are you sure you want to mark the order as a test order? After confirmation, it can not be undone.",
    "MarkedAsTesting": "Order has been marked as a test",
    "OrderPDFUnavailbable": "Cannot download PDF for this order. Please contact AVA support.",
    "NotSupportedYet": "Work in progress",
    "NotSupportedYetText": "Downloading the draft PDF for the nonstandard orders is not supported yet. We are currently working on this feature.",
    "OrderNote": "Note",
    "UpdateOrderNote": "Update note",
    "NoteUpdated": "Order note has been updated",
    "DownloadPDF": "Download PDF",
    "TEST": "TEST"
  },
  "de-DE": {
    "MainHeader": "[de] Ready to be send",
    "Responsible": "[de] Responible Sales Rep",
    "LastUpdate": "[de] Last update",
    "EditInformation": "[de] Edit infomation",
    "ErrorOccurred": "[de] An error occurred, check your permissions",
    "DeleteOrder": "[de] Delete order",
    "DeleteOrderDialogText": "[de] Are you sure you want to delete the order? After confirmation, you will lose access to it.",
    "OrderDeleted": "[de] Order has been deleted",
    "MarkAsTesting": "[de] Mark as a test",
    "MarkAsTestingDialogText": "[de] Are you sure you want to mark the order as a test order? After confirmation, it can not be undone.",
    "MarkedAsTesting": "[de] Order has been marked as a test",
    "OrderPDFUnavailbable": "[de] Cannot download PDF for this order. Please contact AVA support.",
    "NotSupportedYet": "[de] Work in progress",
    "NotSupportedYetText": "[de] Downloading the draft PDF for the nonstandard orders is not supported yet. We are currently working on this feature.",
    "OrderNote": "[de] Note",
    "UpdateOrderNote": "[de] Update note",
    "NoteUpdated": "[de] Order note has been updated",
    "DownloadPDF": "[de] Download PDF",
    "TEST": "TEST"
  },
  "cs-CZ": {
    "MainHeader": "Přehled objednávek",
    "Responsible": "Odpovědný obchodní zástupce",
    "LastUpdate": "Poslední změna",
    "EditInformation": "Upravit informace",
    "ErrorOccurred": "Došlo k chybě, zkontrolujte svá oprávnění",
    "DeleteOrder": "Smazat objednávku",
    "DeleteOrderDialogText": "Opravdu chcete smazat objednávku? Po potvrzení o ni přijdete.",
    "OrderDeleted": "Objednávka byla smazána",
    "MarkAsTesting": "Označit jako testovací",
    "MarkAsTestingDialogText": "Opravdu chcete objednávku označit jako testovací? Po potvrzení to nelze vrátit zpět.",
    "MarkedAsTesting": "Objednávka byla označena jako testovací",
    "OrderPDFUnavailbable": "Pro tuto objednávku nelze stáhnout PDF. Kontaktujte prosím podporu AVA.",
    "NotSupportedYet": "Probíhá zpracování",
    "NotSupportedYetText": "Stahování konceptu PDF nestandardních objednávek zatím není podporováno. Na této funkci aktuálně pracujeme.",
    "OrderNote": "Poznámka",
    "UpdateOrderNote": "Aktualizovat poznámku",
    "NoteUpdated": "Poznámka k objednávce byla aktualizována",
    "DownloadPDF": "Stáhnout PDF",
    "TEST": "TEST"
  },
  "sk-SK": {
    "MainHeader": "Prehľad objednávok",
    "Responsible": "Zodpovedný obchodný zástupca",
    "LastUpdate": "Posledná zmena",
    "EditInformation": "Upravit informácie",
    "ErrorOccurred": "Vyskytla sa chyba, skontrolujte svoje povolenia",
    "DeleteOrder": "Zmazať objednávku",
    "DeleteOrderDialogText": "Naozaj chcete zmazať objednávku? Po potvrdení o ňu prídete.",
    "OrderDeleted": "Objednávka bola zmazaná",
    "MarkAsTesting": "Označiť ako testovaciu",
    "MarkAsTestingDialogText": "Naozaj chcete objednávku označiť ako testovaciu? Po potvrdení to nie je možné vrátiť späť.",
    "MarkedAsTesting": "Objednávka bola označená ako testovacia",
    "OrderPDFUnavailbable": "Pre túto objednávku nie je možné stiahnuť PDF. Kontaktujte prosím podporu AVA.",
    "NotSupportedYet": "Prebieha spracovanie",
    "NotSupportedYetText": "Sťahovanie konceptu PDF neštandardných objednávok zatiaľ nie je podporované. Na tejto funkcii momentálne pracujeme.",
    "OrderNote": "Poznámka",
    "UpdateOrderNote": "Aktualizovať poznámku",
    "NoteUpdated": "Poznámka k objednávke bylo aktualizovaná",
    "DownloadPDF": "Stiahnuť PDF",
    "TEST": "TEST"
  }
}
