{
  "en-US": {
    "MainHeader": "Orders overview",
    "OrderNumber": "Order no.",
    "Created": "Created",
    "Customer": "Customer",
    "Email": "Email",
    "Application": "Application",
    "Edition": "Edition",
    "Amount": "Amount EUR",
    "CustomStatus": "Custom status",
    "SystemStatus": "System status",
    "TestingOrder": "Is testing",
    "Detail": "Detail",
    "ReadyToSend": "Ready to send",
    "SentToManager": "Sent to manager",
    "SentToCustomer": "Sent to customer",
    "Ordered": "Approved by customer",
    "ApprovedByCustomer": "Approved by customer",
    "Canceled": "Canceled",
    "StandardOrder": "Standard order",
    "Empty": " ",
    "CustomPrice": "Custom",
    "Note": "Note",
    "ResponsiblePerson": "Responsible person",
    "Validation": "Validation",
    "Fail": "Fail",
    "Confirmed": "Confirmed",
    "Done": "Done",
    "LastUpdated": "Last updated"
  },
  "de-DE": {
    "MainHeader": "Ready to be send",
    "OrderNumber": "Order no.",
    "Created": "[de] Created",
    "Customer": "Customer",
    "Email": "Email",
    "Application": "Application",
    "Edition": "Edition",
    "Amount": "Amount EUR",
    "CustomStatus": "[de] Custom status",
    "SystemStatus": "[de] System status",
    "TestingOrder": "[de] Is testing",
    "Detail": "Detail",
    "ReadyToSend": "Ready to send",
    "SentToManager": "Sent to manager",
    "SentToCustomer": "Sent to customer",
    "Ordered": "Approved by customer",
    "ApprovedByCustomer": "Approved by customer",
    "Canceled": "Canceled",
    "StandardOrder": "Standard order",
    "Empty": " ",
    "CustomPrice": "Custom",
    "Note": "[de] Note",
    "ResponsiblePerson": "[de] Responsible person",
    "Validation": "[de] Validation",
    "Fail": "[de] Fail",
    "Confirmed": "[de] Confirmed",
    "Done": "[de] Done",
    "LastUpdated": "Last updated"
  },
  "cs-CZ": {
    "MainHeader": "Přehled objednávek",
    "OrderNumber": "Č. objednávky",
    "Created": "Vytvořeno",
    "Customer": "Zákazník",
    "Email": "Email",
    "Application": "Aplikace",
    "Edition": "Edice",
    "Amount": "Částka v EUR",
    "CustomStatus": "Vlastní status",
    "SystemStatus": "Status objednávky ",
    "TestingOrder": "Je testovací",
    "Detail": "Detail",
    "ReadyToSend": "Připraveno k odeslání",
    "SentToManager": "Odesláno manažerovi",
    "SentToCustomer": "Odesláno zákazníkovi",
    "Ordered": "Schválené objednávky zákazníkem",
    "ApprovedByCustomer": "Schválené objednávky zákazníkem",
    "Canceled": "Zrušeno",
    "StandardOrder": "Standardní objednávka",
    "Empty": " ",
    "CustomPrice": "Na míru",
    "Note": "Poznámka",
    "ResponsiblePerson": "Odpovědná osoba",
    "Validation": "Validace",
    "Fail": "Chyba",
    "Confirmed": "Potvrzeno",
    "Done": "Dokončeno",
    "LastUpdated": "Poslední změna"
  },
  "sk-SK": {
    "MainHeader": "Prehľad objednávok",
    "OrderNumber": "Č. objednávky",
    "Created": "Vytvorené",
    "Customer": "Zákazník",
    "Email": "Email",
    "Application": "Aplikácia",
    "Edition": "Edícia",
    "Amount": "Čiastka v EUR",
    "CustomStatus": "Vlastné status",
    "SystemStatus": "Status objednávky",
    "TestingOrder": "Je testovacia",
    "Detail": "Detail",
    "ReadyToSend": "Pripravené na odoslanie",
    "SentToManager": "Odoslané manažérovi",
    "SentToCustomer": "Odoslané zákazníkovi",
    "Ordered": "Schválené objednávky zákazníkom",
    "ApprovedByCustomer": "Schválené objednávky zákazníkom",
    "Canceled": "Zrušená",
    "StandardOrder": "Štandardná objednávka",
    "Empty": " ",
    "CustomPrice": "Na mieru",
    "Note": "Poznámka",
    "ResponsiblePerson": "Zodpovedná osoba",
    "Validation": "Validácia",
    "Fail": "Chyba",
    "Confirmed": "Potvrdené",
    "Done": "Dokončené",
    "LastUpdated": "Posledná zmena"
  }
}
