{
  "en-US": {
    "Order": "Order",
    "Create": "Create order",
    "PrivateOrderDetail": "Order detail",
    "Choose": "Select a subscription",
    "ChangeSubscription": "Change subscription",
    "ChooseNew": "Select a new subscription",
    "InvoiceDetails": "Select subscription and billing information",
    "OrderSummary": "Order summary",
    "Change": "Change subscription",
    "Selected": "Selected subscription",
    "Email": "Email",
    "Phone": "Phone",
    "Name": "Name",
    "Surname": "Surname",
    "CompanyName": "Company name",
    "CompanyID": "Company ID",
    "Street": "Street",
    "ZIPCode": "ZIP code",
    "VATNumberUsedForInvoicing": "VAT number used for invoicing",
    "EmailToSendInvoice": "Email to send invoice",
    "City": "City",
    "State": "State",
    "TextInfoBold": "Important! ",
    "TextInfo": "Order should be executed by authorized person in the company with right to process orders, payments and administration of end users.",
    "CompanyInformation": "Company information",
    "CustomerInformation": "Customer information",
    "OrderApp": "Order application",
    "EmptyInputs": "Some fields are empty",
    "Days365": "Yearly",
    "Days30": "Monthly",
    "SelectTenant": "Select company",
    "SelectPerson": "Select customer",
    "ChangeOrderData": "Change order data",
    "ChangePriceDataButton": "Change price data",
    "ChangePriceData": "Change price and invoice data",
    "AddRow": "Add row",
    "OrganizationDataMissing": "The organization is not filled correctly. Please make sure that all of required fields are filled.",
    "ExtensionSelection": "Extension selection",
    "SelectedSubscription": "Selected subscription",
    "SelectCompanyFirst": "Please select company first to select customer.",
    "InvalidPackageDefinition": "The application cannot be ordered. Please contact AVAplace support.",
    "OrderCreatedTitle": "Order created",
    "OrderCreated": "Order has been created. Please go to Product appliacation to send it to the customer",
    "ClickHere": "click here.",
    "CancelSubscription": "If you want to cancel the subscription",
    "SaveConfiguration": "Save configuration",
    "CannotOrderAgainText": "You cannot purchase the application multiple times, it is only possible to adjust the amount of your current subscription once a month. You've already made an adjustment this month, you can make another one next month.",
    "CannotOrderAgainTitle": "You have already purchased this application",
    "ChangeStaticData": "Change other data"
  },
  "de-DE": {
    "Order": "[de] Order",
    "Create": "[de] Create order",
    "PrivateOrderDetail": "[de] Order detail",
    "Choose": "[de] Select a subscription",
    "ChangeSubscription": "[de] Change subscription",
    "ChooseNew": "[de] Select a new subscription",
    "InvoiceDetails": "[de] Select subscription and billing information",
    "OrderSummary": "[de] Order summary",
    "Change": "[de] Změnit předplatné",
    "Selected": "[de] Selected subscription",
    "Email": "[de] Email",
    "Phone": "[de] Phone",
    "Name": "[de] Name",
    "Surname": "[de] Surname",
    "CompanyName": "[de] Company name",
    "CompanyID": "[de] Company ID",
    "Street": "[de] Street",
    "ZIPCode": "[de] ZIP code",
    "VATNumberUsedForInvoicing": "[de] VAT number used for invoicing",
    "EmailToSendInvoice": "[de] Email to send invoice",
    "City": "[de] City",
    "State": "[de] State",
    "TextInfoBold": "[de] Important! ",
    "TextInfo": "[de] Order should be executed by authorized person in the company with right to process orders, payments and administration of end users.",
    "CompanyInformation": "[de] Company information",
    "CustomerInformation": "[de] Customer information",
    "OrderApp": "[de] Order application",
    "EmptyInputs": "[de] Some fields are empty",
    "Days365": "[de] Yearly",
    "Days30": "[de] Monthly",
    "SelectTenant": "[de] Select company",
    "SelectPerson": "[de] Select customer",
    "ChangeOrderData": "[de] Change order data",
    "ChangePriceDataButton": "[de] Change price data",
    "ChangePriceData": "[de] Change price and invoice data",
    "AddRow": "[de] Add row",
    "OrganizationDataMissing": "[de] The organization is not filled correctly. Please make sure that all of required fields are filled.",
    "ExtensionSelection": "[de] Extension selection",
    "SelectedSubscription": "[de] Selected subscription",
    "SelectCompanyFirst": "[de] Please select company first to select customer.",
    "InvalidPackageDefinition": "[de] The application cannot be ordered. Please contact AVAplace support.",
    "OrderCreatedTitle": "[de] Order created",
    "OrderCreated": "[de] Order has been created. Please go to Product appliacation to send it to the customer",
    "CancelSubscription": "[de] If you want to cancel the subscription",
    "ClickHere": "[de] click here.",
    "SaveConfiguration": "[de] Save configuration",
    "CannotOrderAgainText": "[de] You cannot purchase the application multiple times, it is only possible to adjust the amount of your current subscription once a month. You've already made an adjustment this month, you can make another one next month.",
    "CannotOrderAgainTitle": "You have already purchased this application",
    "ChangeStaticData": "[de] Change other data"
  },
  "cs-CZ": {
    "Order": "Objednat",
    "Create": "Vytvořit objednávku",
    "PrivateOrderDetail": "Detail objednávky",
    "Choose": "Vyberte předplatné",
    "ChangeSubscription": "Změnit předplatné",
    "ChooseNew": "Vyberte nové předplatné",
    "InvoiceDetails": "Výběr předplatného a fakturační údaje",
    "OrderSummary": "Rekapitulace nákupu",
    "Change": "Změnit předplatné",
    "Selected": "Vybrané předplatné:",
    "Email": "Email",
    "Phone": "Telefon",
    "Name": "Jméno",
    "Surname": "Příjmení",
    "CompanyName": "Název firmy",
    "CompanyID": "IČO",
    "Street": "Ulice",
    "ZIPCode": "PSČ",
    "VATNumberUsedForInvoicing": "DIČ (DPH)",
    "EmailToSendInvoice": "Email pro zaslání faktury",
    "City": "Město",
    "State": "Stát",
    "TextInfoBold": "Důležité! ",
    "TextInfo": "Objednávku by měla provádět kompetentní osoba za firmu, oprávněná k objednávce, platbám a administraci koncových uživatelů.",
    "CompanyInformation": "Informace o společnosti",
    "CustomerInformation": "Informace o zákazníkovi",
    "OrderApp": "Objednat aplikaci",
    "EmptyInputs": "Některá pole jsou nevyplněna",
    "Days365": "Roční",
    "Days30": "Měsíční",
    "SelectTenant": "Vybrat společnost",
    "SelectPerson": "Vybrat zákazníka",
    "ChangeOrderData": "Upravit text objednávky",
    "ChangePriceDataButton": "Změna údajů o ceně",
    "ChangePriceData": "Změna cenových a fakturačních údajů",
    "AddRow": "Přidat řádek",
    "OrganizationDataMissing": "Organizace není vyplněna správně. Ujistěte se, že jsou vyplněna všechna povinná pole.",
    "ExtensionSelection": "Výběr rozšíření",
    "SelectedSubscription": "Vybrané předplatné",
    "SelectCompanyFirst": "Pro výběr zákazníka nejprve vyberte společnost.",
    "InvalidPackageDefinition": "Aplikaci nelze objednat. Kontaktujte prosím podporu AVAplace.",
    "OrderCreatedTitle": "Objednávka vytvořena",
    "OrderCreated": "Objednávka byla vytvořena. Pro odeslání objednávky zákazníkovi jděte prosím do Produktové aplikace.",
    "CancelSubscription": "Pokud chcete zrušit předplatné",
    "ClickHere": "klikněte zde.",
    "SaveConfiguration": "Uložit konfiguraci",
    "CannotOrderAgainText": "Aplikaci podruhé koupit nemůžete, je možné pouze jednou měsíčně upravit výši vašeho současného předplatného. Tento měsíc jste již úpravu provedli, další můžete udělat příští měsíc.",
    "CannotOrderAgainTitle": "Aplikaci již máte koupenou",
    "ChangeStaticData": "Změna ostatních údajů"
  },
  "sk-SK": {
    "Order": "Objednať",
    "Create": "Vytvoriť objednávku",
    "PrivateOrderDetail": "Detail objednávky",
    "Choose": "Vyberte predplatné",
    "ChangeSubscription": "Zmeniť predplatné",
    "ChooseNew": "Vyberte nové predplatné",
    "InvoiceDetails": "Výber predplatného a fakturačné údaje",
    "OrderSummary": "Rekapitulácia nákupu",
    "Change": "Zmeniť predplatné",
    "Selected": "Vybrané predplatné:",
    "Email": "Email",
    "Phone": "Telefón",
    "Name": "Meno",
    "Surname": "Priezvisko",
    "CompanyName": "Názov firmy",
    "CompanyID": "IČO",
    "Street": "Ulica",
    "ZIPCode": "PSČ",
    "VATNumberUsedForInvoicing": "IČ DPH",
    "EmailToSendInvoice": "Email na zaslanie faktúry",
    "City": "Mesto",
    "State": "Štát",
    "TextInfoBold": "Dôležité! ",
    "TextInfo": "Objednávku by mala vykonávať kompetentná osoba z firmy, oprávnená k objednávke, platbám a administrácii koncových užívateľov.",
    "CompanyInformation": "Informácie o spoločnosti",
    "CustomerInformation": "Informácie o zákazníkovi",
    "OrderApp": "Objednať aplikáciu",
    "EmptyInputs": "Niektoré polia sú nevyplnené",
    "Days365": "Ročne",
    "Days30": "Mesačne",
    "SelectTenant": "Vybrať spoločnosť",
    "SelectPerson": "Vybrat zákazníka",
    "ChangeOrderData": "Upraviť text objednávky",
    "ChangePriceDataButton": "Zmena údajov o cene",
    "ChangePriceData": "Zmeňte údaje o cene a faktúre",
    "AddRow": "Pridať riadok",
    "OrganizationDataMissing": "Organizácia nie je vyplnená správne. Uistite sa, že sú vyplnené všetky povinné polia.",
    "ExtensionSelection": "Výber rozšírení",
    "SelectedSubscription": "Vybrané predplatné",
    "SelectCompanyFirst": "Pre výber zákazníka najskôr vyberte spoločnosť.",
    "InvalidPackageDefinition": "Aplikáciu nie je možné objednať. Kontaktujte podporu AVAplace.",
    "OrderCreatedTitle": "Objednávka vytvorená",
    "OrderCreated": "Objednávka bola vytvorená. Pre odoslanie objednávky zákazníkovi choďte prosím do Produktovej aplikáci.",
    "CancelSubscription": "Ak chcete zrušit predplatné",
    "ClickHere": "kliknite tu.",
    "SaveConfiguration": "Uložiť konfiguráciu",
    "CannotOrderAgainText": "Aplikáciu druhýkrát kúpiť nemôžete, je možné iba raz mesačne upraviť výšku vášho súčasného predplatného. Tento mesiac ste už úpravu urobili, ďalšiu môžete urobiť budúci mesiac.",
    "CannotOrderAgainTitle": "Aplikáciu už máte kúpenú",
    "ChangeStaticData": "Zmena iných údajov"
  }
}
