{
  "en-US": {
    "ExtensionDetails": "Extensions",
    "AppDetails": "Application",
    "OrderDetails": "Order details",
    "AtTheTimeOfPayment": "The Customer shall receive the following right of access to the partial application (SPA) of the AVAplace product upon payment of the price (and fulfilment of the relevant contractual conditions)",
    "ProductApp": "SPA name",
    "ProductEdition": "SPA edition",
    "ProductDesc": "SPA description",
    "LicenseProvider": "License provider",
    "AdditionalInformation": "Additional information",
    "OrderValidation": "Time limitation",
    "GrantedAuthorization": "License is provided for the period which has been paid, starting from the day of acceptance of this order by the customer of the AVAplace environment.",
    "OtherRestrictions": "Other constraints",
    "OtherRestrictionsText": "For non-exclusive use; without territorial restriction",
    "Legislation": "Legislation",
    "LegislationText": "The supplied SPA is configured in accordance with the legislation of the Czech Republic. The Supplier undertakes to update SPA depending on legislative changes and within the scope of the impact of such changes on the algorithms used in SPA by the deadline necessary for data processing by updated legislative change, provided that the information on the legislative change is disclosed in a legal manner sufficiently in advance of the effective date of such change.",
    "MoreAggreements": "More Agreements",
    "ExtensionName": "Extension name",
    "ExtensionDescription": "Extension description",
    "MonthlyPayment": "Monthly payment",
    "YearlyPayment": "Yearly payment",
    "OneTimePayment": "One time payment",
    "Total": "Total",

    "TextAboutVat": "For Customers registered for VAT in the Czech Republic, the VAT amount shall be added to the tax base in the given amount according to the applicable regulations as of the invoice date. Customers who are registered for VAT in another EU member state outside the Czech Republic are obliged to quantify and assess the VAT amount themselves according to the applicable regulations for the given member state as of the invoice date, the so-called reverse-charge system.",
    "Supplier": "Supplier",
    "Customer": "Customer",
    "Registred": "Listed in the Commercial Register maintained by the Municipal Court in Prague, Section B, file No. 3771",
    "VAT": "VAT No.",
    "Company_ID": "Company reg. No.",
    "ZIP_CODE": "ZIP",
    "CustomerConsent": "Customer statement – the Customer confirmed the following by purchasing",
    "BeforeBuy": "Customer became familiar with the supplied SPA, and this SPA and AVAplace itself meets their needs.",
    "ContractRelationship": "These Contractual relations shall be governed by the following documents, as amended: ",
    "ROP": "(Framework Business Terms and Conditions of Asseco Solutions, a.s. for AVAplace Product Users)",
    "ROP_SHORT": "FBTC",
    "VOPZ": "(General Business Terms and Conditions of Asseco Solutions, a.s. for AVAplace Product Customers)",
    "VOPZ_SHORT": "GBTCC",
    "AggreementPersonal": "Personal Data Processing Agreement for Users",
    "FinalText": "I agree with the terms and conditions",
    "AgreeNews": "I want to be informed about news and webinars.",
    "HeaderName": "item name",
    "HeaderCount": "item count",
    "HeaderType": "item type",
    "HeaderPrice": "price",
    "PriceSectionName": "Price"
  },
  "de-DE": {
    "ExtensionDetails": "[de] Extensions",
    "AppDetails": "[de] Application",
    "OrderDetails": "Order details",
    "AtTheTimeOfPayment": "At the time of payment  (and fulfillment of the relevant contractual conditions), customer acquires the following right to access the AVAplace Product Application",
    "ProductApp": "SPA name",
    "ProductEdition": "SPA edition",
    "ProductDesc": "Product App description",
    "AdditionalInformation": "Additional information",
    "LicenseProvider": "License provider",
    "OrderValidation": "Order valid until",
    "GrantedAuthorization": "License is provided for the period which has been paid, starting from the day of acceptance of this order by the customer of the AVAplace environment.",
    "OtherRestrictions": "Other restrictions",
    "OtherRestrictionsText": "For non-exclusive use; No territorial restrictions",
    "Legislation": "Legislation",
    "LegislationText": "The supplied SPA is configured in accordance with the legislation of the Czech Republic. The Supplier undertakes to update SPA depending on legislative changes and within the scope of the impact of such changes on the algorithms used in SPA by the deadline necessary for data processing by updated legislative change, provided that the information on the legislative change is disclosed in a legal manner sufficiently in advance of the effective date of such change.",
    "MoreAggreements": "More Agreements",
    "ExtensionName": "[de] Extension name",
    "ExtensionDescription": "[de] Extension description",
    "MonthlyPayment": "[de] Monthly payment",
    "YearlyPayment": "[de] Yearly payment",
    "OneTimePayment": "[de] One time payment",
    "Total": "[de] Total",

    "TextAboutVat": "[de] For Customers registered for VAT in the Czech Republic, the VAT amount shall be added to the tax base in the given amount according to the applicable regulations as of the invoice date. Customers who are registered for VAT in another EU member state outside the Czech Republic are obliged to quantify and assess the VAT amount themselves according to the applicable regulations for the given member state as of the invoice date, the so-called reverse-charge system.",
    "Supplier": "[de] Supplier",
    "Customer": "[de] Customer",
    "Registred": "[de] Listed in the Commercial Register maintained by the Municipal Court in Prague, Section B, file No. 3771",
    "VAT": "[de] VAT No.",
    "Company_ID": "[de] Company reg. No.",
    "ZIP_CODE": "[de] ZIP",
    "CustomerConsent": "[de] Customer statement – the Customer confirmed the following by purchasing",
    "BeforeBuy": "[de] Customer became familiar with the supplied SPA, and this SPA and AVAplace itself meets their needs.",
    "ContractRelationship": "[de] These Contractual relations shall be governed by the following documents, as amended: ",
    "ROP": "[de] (Framework Business Terms and Conditions of Asseco Solutions, a.s. for AVAplace Product Users)",
    "ROP_SHORT": "[de] FBTC",
    "VOPZ": "[de] (General Business Terms and Conditions of Asseco Solutions, a.s. for AVAplace Product Customers)",
    "VOPZ_SHORT": "[de] GBTCC",
    "AggreementPersonal": "[de] Personal Data Processing Agreement for Users",
    "FinalText": "[de] I agree with the terms and conditions",
    "AgreeNews": "[de] I want to be informed about news and webinars.",
    "HeaderName": "[de] item name",
    "HeaderCount": "[de] item count",
    "HeaderType": "[de] item type",
    "HeaderPrice": "[de] price",
    "PriceSectionName": "[de] Price"
  },
  "cs-CZ": {
    "ExtensionDetails": "Rozšíření",
    "AppDetails": "Aplikace",
    "OrderDetails": "Specifikace nákupu",
    "AtTheTimeOfPayment": "Zákazník získává okamžikem uhrazení ceny (a splněním příslušných smluvních podmínek) následující právo přístupu k Dílčí aplikaci (DA) produktu AVAplace",
    "ProductApp": "Název DA",
    "ProductEdition": "Edice DA",
    "ProductDesc": "Popis DA",
    "AdditionalInformation": "Dodatečné informace",
    "LicenseProvider": "Poskytovatel licence",
    "OrderValidation": "Časové omezení",
    "GrantedAuthorization": "Oprávnění se poskytuje na dobu, po kterou je hrazena cena za zvolenou DA, počínaje dnem akceptace této objednávky zákazníkem ze strany uživatele prostředí AVAplace.",
    "OtherRestrictions": "Jiná omezení",
    "OtherRestrictionsText": "K nevýhradnímu užití; Bez teritoriálního omezení",
    "Legislation": "Legislativa",
    "LegislationText": "Dodávaná DA je konfigurována v souladu s legislativou České republiky. Dodavatel se zavazuje DA aktualizovat v závislosti na legislativních změnách a v rozsahu dopadu těchto změn na algoritmy použité v DA v termínu, který je nezbytný pro zpracování dat aktualizovanou legislativní změnou za podmínky, že informace o legislativní změně budou zveřejněny zákonným způsobem s dostatečným předstihem před účinností takové změny.",
    "MoreAggreements": "Další ujednání",
    "ExtensionName": "Název balíčku",
    "ExtensionDescription": "Popis balíčku",
    "MonthlyPayment": "Měsíční platby",
    "YearlyPayment": "Roční platby",
    "OneTimePayment": "Jednorázové platby",
    "Total": "Celkem",

    "TextAboutVat": "Zákazníkům, kteří jsou registrováni k DPH v ČR, bude k základu daně připočtena částka DPH v dané výši dle platných předpisů ke dni fakturace. Zákazníci, kteří jsou registrováni k DPH v jiném členském státě EU mimo ČR, jsou povinni si výši DPH vyčíslit a doměřit sami dle platných předpisů pro daný členský stát ke dni fakturace, tzv. systém reverse-charge.",
    "Supplier": "Dodavatel",
    "Customer": "Zákazník",
    "Registred": "Zapsaná v obchodním rejstříku vedeném Městským soudem v Praze, oddíl B, vložka 3771",
    "VAT": "DIČ (DPH)",
    "Company_ID": "IČ",
    "ZIP_CODE": "PSČ",
    "CustomerConsent": "Prohlášení Zákazníka – Zákazník realizací nákupu potvrdil následující",
    "BeforeBuy": "Zákazník se obeznámil s dodávanou DA a tato DA jakož i samotná AVAplace vyhovuje jeho potřebám.",
    "ContractRelationship": "Tento Smluvní vztah se řídí následujícími dokumenty v aktuálním znění: ",
    "ROP": "(Rámcové obchodní podmínky společnosti Asseco Solutions, a.s. pro Uživatele produktu AVAplace)",
    "ROP_SHORT": "ROP",
    "VOPZ": "(Všeobecné obchodní podmínky společnosti Asseco Solutions, a.s. pro Zákazníky produktu AVAplace)",
    "VOPZ_SHORT": "VOPZ",
    "AggreementPersonal": "Smlouva o zpracování osobních údajů pro Uživatele",
    "FinalText": "Souhlasím se smluvními podmínkami",
    "AgreeNews": "Chci zasílat informace o novinkách a webinářích.",
    "HeaderName": "název položky",
    "HeaderCount": "počet položek",
    "HeaderType": "typ položky",
    "HeaderPrice": "cena",
    "PriceSectionName": "Cena"
  },
  "sk-SK": {
    "ExtensionDetails": "Rozšírenia",
    "AppDetails": "Aplikácia",
    "OrderDetails": "Špecifikácia nákupu",
    "AtTheTimeOfPayment": "Zákazník získava okamihom uhradenia ceny (a splnením príslušných zmluvných podmienok) nasledujúce právo prístupu k Čiastkovej aplikácii (ČA) produktu AVAplace",
    "ProductApp": "Názov ČA",
    "ProductEdition": "Edícia ČA",
    "ProductDesc": "Popis ČA",
    "AdditionalInformation": "Ďalšie informácie",
    "LicenseProvider": "Poskytovateľ licencie",
    "OrderValidation": "Časové obmedzenie",
    "GrantedAuthorization": "Oprávnenie sa poskytuje na dobu, po ktorú je hradená cena za zvolenú DA, odo dňa akceptácie tejto objednávky zákazníkom zo strany užívateľa prostredia AVAplace.",
    "OtherRestrictions": "Iné obmedzenia",
    "OtherRestrictionsText": "Na nevýhradné použitie; Bez teritoriálneho obmedzenia",
    "Legislation": "Legislatíva",
    "LegislationText": "Dodávaná ČA je konfigurovaná v súlade s legislatívou Českej republiky. Dodávateľ sa zaväzuje DA aktualizovať v závislosti od legislatívnych zmien a v rozsahu účinku týchto zmien na algoritmy použité v DA v termíne, ktorý je nevyhnutný na spracovanie dát aktualizovanou legislatívnou zmenou za podmienky, že sa informácie o legislatívnej zmene zverejnia zákonným spôsobom s dostatočným predstihom pred účinnosťou takej zmeny.",
    "MoreAggreements": "Ďalšie dojednania",
    "ExtensionName": "Názov balíčka",
    "ExtensionDescription": "Popis balíčka",
    "MonthlyPayment": "Mesačné platby",
    "YearlyPayment": "Ročné platby",
    "OneTimePayment": "Jednorázové platby",
    "Total": "Spolu",
    "TextAboutVat": "Zákazníkom, ktorí sú registrovaní k DPH v ČR, bude k základu dane pripočítaná čiastka DPH v danej výške podľa platných predpisov ku dňu fakturácie. Zákazníci, ktorí sú registrovaní k DPH v inom členskom štáte EÚ mimo ČR, sú povinní si výšku DPH vyčísliť a domerať sami podľa platných predpisov pre daný členský štát ku dňu fakturácie, tzv. systém reverse-charge.",
    "Supplier": "Dodávateľ",
    "Customer": "Zákazník",
    "Registred": "Zapísaná v obchodnom registri vedenom Mestským Súdom v Prahe, oddiel B, vložka 3771",
    "VAT": "IČ DPH",
    "Company_ID": "IČO",
    "ZIP_CODE": "PSČ",
    "CustomerConsent": "Vyhlásenie Zákazníka – Zákazník realizáciou nákupu potvrdil nasledujúce",
    "BeforeBuy": "Zákazník sa oboznámil s dodávanou DA a táto DA, ako aj samotná AVAplace vyhovujú jeho potrebám.",
    "ContractRelationship": "Tento Zmluvný vzťah sa riadi nasledujúcimi dokumentmi v aktuálnom znení: ",
    "ROP": "(Rámcové obchodné podmienky spoločnosti Asseco Solutions, a.s. pre Používateľov produktu AVAplace)",
    "ROP_SHORT": "ROP",
    "VOPZ": "(Všeobecné obchodné podmienky spoločnosti Asseco Solutions, a.s. pre Zákazníkov produktu AVAplace)",
    "VOPZ_SHORT": "VOPZ",
    "AggreementPersonal": "Zmluva o spracovaní osobných údajov pre Používateľov",
    "FinalText": "Súhlasím so zmluvnými podmienkami",
    "AgreeNews": "Chcem zasielať informácie o novinkách a webinároch.",
    "HeaderName": "názov položky",
    "HeaderCount": "počet položiek",
    "HeaderType": "typ položky",
    "HeaderPrice": "cena",
    "PriceSectionName": "Cena"
  }
}
