{
  "applicationCode": "ASOLEU-Order-AP-",
  "featureCode": "ASOLEU-Order-AP-BackendRoles",
  "roles": [
  ],
  "ObsoleteRoles": [
    {
      "Code": "ASOLEU-Order-AP-.User",
      "SuccessorCode": "ASOLEU-PlatformStoreOrder-AP-.User",
      "Behavior": "AssignSuccessorCode"
    },
    {
      "Code": "ASOLEU-Order-AP-.Admin",
      "SuccessorCode": "ASOLEU-PlatformStoreOrder-AP-.Admin",
      "Behavior": "AssignSuccessorCode"
    },
    {
      "Code": "ASOLEU-Order-AP-.Owner",
      "SuccessorCode": "ASOLEU-PlatformStoreOrder-AP-.Owner",
      "Behavior": "AssignSuccessorCode"
    },
    {
      "Code": "ASOLEU-Order-AP-.SalesRep",
      "SuccessorCode": "ASOLEU-PlatformStoreOrder-AP-SalesRep",
      "Behavior": "AssignSuccessorCode"
    }
  ]
}
