{
  "applicationCode": "ASOLEU-PlatformStoreOrder-AP-",
  "featureCode": "UIAuthorization",
  "nodes": [
    {
      "code": "licensing-root",
      "name": {
        "values": [
          {
            "locale": "en-US",
            "value": "Licensing"
          }
        ]
      },
      "description": {
        "values": [
          {
            "locale": "en-US",
            "value": "Licensing"
          }
        ]
      },
      "nodes": [
        {
          "code": "licensing-show-admin-elements",
          "name": {
            "values": [
              {
                "locale": "en-US",
                "value": "Show owner elements"
              }
            ]
          },
          "description": {
            "values": [
              {
                "locale": "en-US",
                "value": "Show page elements only for License owner or App owner."
              }
            ]
          },
          "nodes": []
        },
        {
          "code": "licensing-manage-users",
          "name": {
            "values": [
              {
                "locale": "en-US",
                "value": "Manage user accounts"
              }
            ]
          },
          "description": {
            "values": [
              {
                "locale": "en-US",
                "value": "Manage user accounts"
              }
            ]
          },
          "nodes": []
        }
      ]
    },
    {
      "code": "order-root",
      "name": {
        "values": [
          {
            "locale": "en-US",
            "value": "Orders"
          },
          {
            "locale": "sk-SK",
            "value": "Orders"
          },
          {
            "locale": "cs-CZ",
            "value": "Orders"
          }
        ]
      },
      "description": {
        "values": [
          {
            "locale": "en-US",
            "value": ""
          },
          {
            "locale": "sk-SK",
            "value": ""
          },
          {
            "locale": "cs-CZ",
            "value": ""
          }
        ]
      },
      "nodes": [
        {
          "code": "store-lib-store-order-route",
          "name": {
            "values": [
              {
                "locale": "en-US",
                "value": "Access to the store/order route"
              },
              {
                "locale": "cs-CZ",
                "value": "Přístup k trase store/order"
              },
              {
                "locale": "sk-SK",
                "value": "Prístup k trase store/order"
              }
            ]
          },
          "description": {
            "values": [
              {
                "locale": "en-US",
                "value": ""
              },
              {
                "locale": "sk-SK",
                "value": ""
              },
              {
                "locale": "cs-CZ",
                "value": ""
              }
            ]
          }
        },
        {
          "code": "store-lib-non-standard-order",
          "name": {
            "values": [
              {
                "locale": "en-US",
                "value": "Non standard order"
              },
              {
                "locale": "sk-SK",
                "value": "Neštandardná objednávka"
              },
              {
                "locale": "cs-CZ",
                "value": "Nestandardní objednávka"
              }
            ]
          },
          "description": {
            "values": [
              {
                "locale": "en-US",
                "value": "Permission to do actions with the nonstandard orders"
              },
              {
                "locale": "sk-SK",
                "value": "Povolenie vykonávať akcie s neštandardnými objednávkami."
              },
              {
                "locale": "cs-CZ",
                "value": "Povolení provádět akce s nestandardními objednávkami"
              }
            ]
          },
          "nodes": []
        },
        {
          "code": "store-lib-order-emails-invoicing-update",
          "name": {
            "values": [
              {
                "locale": "en-US",
                "value": "Update emails for invoicing"
              },
              {
                "locale": "sk-SK",
                "value": "Úprava emailoch pre fakturáciu"
              },
              {
                "locale": "cs-CZ",
                "value": "Aktualizace e-mailů pro fakturaci"
              }
            ]
          },
          "description": {
            "values": [
              {
                "locale": "en-US",
                "value": "Permission to do update emails for invoicing"
              },
              {
                "locale": "sk-SK",
                "value": "Povolenie vykonávať úpravy emailov pre fakturáciu"
              },
              {
                "locale": "cs-CZ",
                "value": "Povolení provádět úpravy emailů pro fakturaci"
              }
            ]
          },
          "nodes": []
        },
        {
          "code": "store-lib-non-standard-order-create",
          "name": {
            "values": [
              {
                "locale": "en-US",
                "value": "Create non standard order"
              },
              {
                "locale": "sk-SK",
                "value": "Vytvoriť neštandardnú objednávku"
              },
              {
                "locale": "cs-CZ",
                "value": "Vytvořit nestandardní objednávku"
              }
            ]
          },
          "description": {
            "values": [
              {
                "locale": "en-US",
                "value": ""
              },
              {
                "locale": "sk-SK",
                "value": ""
              },
              {
                "locale": "cs-CZ",
                "value": ""
              }
            ]
          },
          "nodes": []
        },
        {
          "code": "store-lib-non-standard-order-custamization-edit",
          "name": {
            "values": [
              {
                "locale": "en-US",
                "value": "Edit non standard order"
              },
              {
                "locale": "sk-SK",
                "value": "Úprava neštandarnej objednavky"
              },
              {
                "locale": "cs-CZ",
                "value": "Úprava nestandardní objednavky"
              }
            ]
          },
          "description": {
            "values": [
              {
                "locale": "en-US",
                "value": "Permission to perform modifications in a non-standard order"
              },
              {
                "locale": "sk-SK",
                "value": "Povolenie vykovanávať úpravu v neštandardnej objednávke"
              },
              {
                "locale": "cs-CZ",
                "value": "Povolení provádět úpravy v nestandardní objednávce"
              }
            ]
          },
          "nodes": []
        },
        {
          "code": "store-lib-non-standard-order-customer-data-edit",
          "name": {
            "values": [
              {
                "locale": "en-US",
                "value": "Update non-standard order customer data"
              },
              {
                "locale": "sk-SK",
                "value": "Aktualizovať údaje zákazníka neštandardnej objednávky"
              },
              {
                "locale": "cs-CZ",
                "value": "Aktualizovat údaje zákazníka nestandardní objednávky"
              }
            ]
          },
          "description": {
            "values": [
              {
                "locale": "en-US",
                "value": ""
              },
              {
                "locale": "sk-SK",
                "value": ""
              },
              {
                "locale": "cs-CZ",
                "value": ""
              }
            ]
          },
          "nodes": []
        },
        {
          "code": "store-lib-non-standard-order-ready-to-send-update",
          "name": {
            "values": [
              {
                "locale": "en-US",
                "value": "Update ready to send non standard order"
              },
              {
                "locale": "sk-SK",
                "value": "Upraviť neštandardnú objednávku pripravenú na odoslanie"
              },
              {
                "locale": "cs-CZ",
                "value": "Upravit nestandardní objednávku připravenou k odeslání"
              }
            ]
          },
          "description": {
            "values": [
              {
                "locale": "en-US",
                "value": ""
              },
              {
                "locale": "sk-SK",
                "value": ""
              },
              {
                "locale": "cs-CZ",
                "value": ""
              }
            ]
          },
          "nodes": []
        },
        {
          "code": "store-lib-non-standard-order-send-to-manager",
          "name": {
            "values": [
              {
                "locale": "en-US",
                "value": "Send to manager"
              },
              {
                "locale": "sk-SK",
                "value": "Odeslat manažerovi"
              },
              {
                "locale": "cs-CZ",
                "value": "Odoslať manažérovi"
              }
            ]
          },
          "description": {
            "values": [
              {
                "locale": "en-US",
                "value": ""
              },
              {
                "locale": "sk-SK",
                "value": ""
              },
              {
                "locale": "cs-CZ",
                "value": ""
              }
            ]
          },
          "nodes": []
        },
        {
          "code": "store-lib-non-standard-order-sent-to-manager-update",
          "name": {
            "values": [
              {
                "locale": "en-US",
                "value": "Update sent to manager non standard order"
              },
              {
                "locale": "sk-SK",
                "value": "Upraviť neštandardnú objednávku odoslanú manažérovi"
              },
              {
                "locale": "cs-CZ",
                "value": "Upravit nestandardní objednávku odeslanou manažerovi"
              }
            ]
          },
          "description": {
            "values": [
              {
                "locale": "en-US",
                "value": ""
              },
              {
                "locale": "sk-SK",
                "value": ""
              },
              {
                "locale": "cs-CZ",
                "value": ""
              }
            ]
          },
          "nodes": []
        },
        {
          "code": "store-lib-non-standard-order-reject-by-manager",
          "name": {
            "values": [
              {
                "locale": "en-US",
                "value": "Reject non standard order by manager"
              },
              {
                "locale": "sk-SK",
                "value": "Odmietnuť neštandardnú objednávku manažérom"
              },
              {
                "locale": "cs-CZ",
                "value": "Odmítnout nestandardní objednávku manažerem"
              }
            ]
          },
          "description": {
            "values": [
              {
                "locale": "en-US",
                "value": ""
              },
              {
                "locale": "sk-SK",
                "value": ""
              },
              {
                "locale": "cs-CZ",
                "value": ""
              }
            ]
          },
          "nodes": []
        },
        {
          "code": "store-lib-non-standard-order-send-to-customer",
          "name": {
            "values": [
              {
                "locale": "en-US",
                "value": "Send to customer"
              },
              {
                "locale": "sk-SK",
                "value": "Odoslať zákazníkovi"
              },
              {
                "locale": "cs-CZ",
                "value": "Odoslať zákazníkovi"
              }
            ]
          },
          "description": {
            "values": [
              {
                "locale": "en-US",
                "value": ""
              },
              {
                "locale": "sk-SK",
                "value": ""
              },
              {
                "locale": "cs-CZ",
                "value": ""
              }
            ]
          },
          "nodes": []
        },
        {
          "code": "store-lib-order-mark-as-testing",
          "name": {
            "values": [
              {
                "locale": "en-US",
                "value": "Mark order as testing"
              },
              {
                "locale": "sk-SK",
                "value": "Označiť objednávku ako testovaciu"
              },
              {
                "locale": "cs-CZ",
                "value": "Označit objednávku jako testovací"
              }
            ]
          },
          "description": {
            "values": [
              {
                "locale": "en-US",
                "value": "With this permission user can mark order as testing"
              },
              {
                "locale": "sk-SK",
                "value": "S týmto oprávnením môže používateľ označiť objednávku ako testovaciu"
              },
              {
                "locale": "cs-CZ",
                "value": "S tímto oprávněním může uživatel označit objednávku jako testovací"
              }
            ]
          },
          "nodes": []
        },
        {
          "code": "store-lib-non-standard-order-confirmation",
          "name": {
            "values": [
              {
                "locale": "en-US",
                "value": "Confirmation of a non-standard order"
              },
              {
                "locale": "sk-SK",
                "value": "Potvrdenie neštandardnej objednávky"
              },
              {
                "locale": "cs-CZ",
                "value": "Potvrzení nestandardní objednávky"
              }
            ]
          },
          "description": {
            "values": [
              {
                "locale": "en-US",
                "value": "Should have user, who wants to accept nonstandard order on the url /order-summary and finish the order."
              },
              {
                "locale": "sk-SK",
                "value": "Mal by mať užívateľ, ktorý chce akceptovať neštandardnú objednávku na url /order-summary a tak dokončiť objednávku."
              },
              {
                "locale": "cs-CZ",
                "value": "Měl by mít uživatel, který chce akceptovat nestandardní objednávku na url /order-summary a dokončit tak objednávku."
              }
            ]
          },
          "nodes": []
        },
        {
          "code": "store-lib-standard-order",
          "name": {
            "values": [
              {
                "locale": "en-US",
                "value": "Order"
              },
              {
                "locale": "sk-SK",
                "value": "Objednávky"
              },
              {
                "locale": "cs-CZ",
                "value": "Objednávky"
              }
            ]
          },
          "description": {
            "values": [
              {
                "locale": "en-US",
                "value": ""
              },
              {
                "locale": "sk-SK",
                "value": ""
              },
              {
                "locale": "cs-CZ",
                "value": ""
              }
            ]
          },
          "nodes": []
        },
        {
          "code": "store-lib-invoices",
          "name": {
            "values": [
              {
                "locale": "en-US",
                "value": "Invoices"
              },
              {
                "locale": "sk-SK",
                "value": "Faktúry"
              },
              {
                "locale": "cs-CZ",
                "value": "Faktury"
              }
            ]
          },
          "description": {
            "values": [
              {
                "locale": "en-US",
                "value": ""
              },
              {
                "locale": "sk-SK",
                "value": ""
              },
              {
                "locale": "cs-CZ",
                "value": ""
              }
            ]
          },
          "nodes": []
        },
        {
          "code": "store-lib-order-organization",
          "name": {
            "values": [
              {
                "locale": "en-US",
                "value": "Organization during order"
              },
              {
                "locale": "sk-SK",
                "value": "Organizace během objednávky"
              },
              {
                "locale": "cs-CZ",
                "value": "Organizácia počas objednávky"
              }
            ]
          },
          "description": {
            "values": [
              {
                "locale": "en-US",
                "value": ""
              },
              {
                "locale": "sk-SK",
                "value": ""
              },
              {
                "locale": "cs-CZ",
                "value": ""
              }
            ]
          },
          "nodes": []
        },
        {
          "code": "store-item-draft",
          "name": {
            "values": [
              {
                "locale": "en-US",
                "value": "Store item draft"
              },
              {
                "locale": "sk-SK",
                "value": "Draft položky obchodu"
              },
              {
                "locale": "cs-CZ",
                "value": "Draft položky obchodu"
              }
            ]
          },
          "description": {
            "values": [
              {
                "locale": "en-US",
                "value": ""
              },
              {
                "locale": "sk-SK",
                "value": ""
              },
              {
                "locale": "cs-CZ",
                "value": ""
              }
            ]
          },
          "nodes": []
        },
        {
          "code": "order-as-sales-rep",
          "name": {
            "values": [
              {
                "locale": "en-US",
                "value": "Orders as Sales Rep"
              },
              {
                "locale": "sk-SK",
                "value": "Objednávka ako Sales Rep"
              },
              {
                "locale": "cs-CZ",
                "value": "Objednávka jako Sales Rep"
              }
            ]
          },
          "description": {
            "values": [
              {
                "locale": "en-US",
                "value": "Sales Rep uses different methods to order application with email notification."
              }
            ]
          },
          "nodes": []
        }
      ]
    }
  ]
}
