{
  "applicationCode": "ASOLEU-PlatformStoreOrder-AP-",
  "featureCode": "UIRoleAuthorization",
  "authorizations": [
    {
      "roleCode": "ASOLEU-PlatformStoreOrder-AP-.Owner",
      "rights": [
        {
          "code": "licensing-root",
          "permissions": [ "Read" ]
        },
        {
          "code": "licensing-show-admin-elements",
          "permissions": [ "Read" ]
        },
        {
          "code": "licensing-manage-users",
          "permissions": [ "Read" ]
        }
      ]
    },
    {
      "roleCode": "ASOLEU-PlatformStoreOrder-AP-.Admin",
      "rights": [
        {
          "code": "licensing-manage-users",
          "permissions": [ "Read" ]
        }
      ]
    },
    {
      "roleCode": "ASOLEU-PlatformStoreOrder-AP-.SalesRepCustomOrder",
      "rights": [
        {
          "code": "store-lib-non-standard-order-create",
          "permissions": [ "Execute" ]
        },
        {
          "code": "store-lib-store-order-route",
          "permissions": [ "Read" ]
        },
        {
          "code": "store-lib-non-standard-order-customer-data-edit",
          "permissions": [ "Update" ]
        },
        {
          "code": "store-lib-non-standard-order-ready-to-send-update",
          "permissions": [ "Execute" ]
        },
        {
          "code": "store-lib-order-emails-invoicing-update",
          "permissions": [ "Update" ]
        },
        {
          "code": "order-as-sales-rep",
          "permissions": [ "Execute" ]
        }
      ]
    },
    {
      "roleCode": "ASOLEU-PlatformStoreOrder-AP-SalesRepEditor",
      "rights": [
        {
          "code": "store-lib-non-standard-order-custamization-edit",
          "permissions": [ "Update" ]
        }
      ]
    },
    {
      "roleCode": "ASOLEU-PlatformStoreOrder-AP-SalesRepOwner",
      "rights": [
        {
          "code": "store-lib-non-standard-order",
          "permissions": [ "Delete" ]
        },
        {
          "code": "store-lib-order-mark-as-testing",
          "permissions": [ "Execute" ]
        },
        {
          "code": "store-lib-non-standard-order-send-to-customer",
          "permissions": [ "Execute" ]
        },
        {
          "code": "store-lib-non-standard-order-reject-by-manager",
          "permissions": [ "Execute" ]
        },
        {
          "code": "store-lib-non-standard-order-sent-to-manager-update",
          "permissions": [ "Execute" ]
        }
      ]
    },
    {
      "roleCode": "ASOLEU-PlatformStoreOrder-AP-SalesRepAdmin",
      "rights": [
        {
          "code": "store-lib-non-standard-order-send-to-manager",
          "permissions": [ "Execute" ]
        }
      ]
    },
    {
      "roleCode": "ASOLEU-PlatformStoreOrder-AP-.ProductEditor",
      "rights": [
        {
          "code": "store-item-draft",
          "permissions": [ "Read" ]
        }
      ]
    },
    {
      "roleCode": "ASOLEU-PlatformStoreOrder-AP-.StoreBuyer",
      "rights": [
        {
          "code": "store-lib-store-order-route",
          "permissions": [ "Read" ]
        },
        {
          "code": "store-lib-invoices",
          "permissions": [ "Read" ]
        },
        {
          "code": "store-lib-order-organization",
          "permissions": [ "Update" ]
        },
        {
          "code": "store-lib-standard-order",
          "permissions": [ "Create", "Read", "Update" ]
        },
        {
          "code": "store-lib-non-standard-order-confirmation",
          "permissions": [ "Read", "Execute" ]
        },
        {
          "code": "store-lib-order-emails-invoicing-update",
          "permissions": [ "Update" ]
        }
      ]
    }
  ]
}
